Bias,Count>=0.5,ValidN,FrequencyRate
Authority Bias,476,687,0.6928675400291121
Hyperbolic Discounting,337,687,0.49053857350800584
Urgency Effect,259,654,0.39602446483180426
Zero-Risk Bias,269,687,0.3915574963609898
Pessimism Bias,256,687,0.3726346433770015
Curiosity,118,413,0.2857142857142857
Appeal to Novelty,113,687,0.16448326055312956
Identifiable Victim Effect,77,656,0.1173780487804878
Conformity,15,413,0.03631961259079903
Survivorship Bias,4,687,0.005822416302765648
